player,team,match,rating,minutes_played,rating_source,note
Amine Gouiri,Algeria,Algeria 3-3 Austria,6.0,,Google rendered lineup rating scrape,Matched from Google display 'A. Gouiri'. Source URL: https://www.google.com/search?q=Algeria%20vs%20Austria%20FIFA%20World%20Cup%202026#sie=m;/g/11yqrszht2;2;/m/030q7;ln;fp;1;;;;-1
Riyad Mahrez,Algeria,Algeria 3-3 Austria,8.7,,Google rendered lineup rating scrape,Matched from Google display 'R. Mahrez'. Source URL: https://www.google.com/search?q=Algeria%20vs%20Austria%20FIFA%20World%20Cup%202026#sie=m;/g/11yqrszht2;2;/m/030q7;ln;fp;1;;;;-1
David Alaba,Austria,Algeria 3-3 Austria,5.7,,Google rendered lineup rating scrape,Matched from Google display 'D. Alaba'. Source URL: https://www.google.com/search?q=Algeria%20vs%20Austria%20FIFA%20World%20Cup%202026#sie=m;/g/11yqrszht2;2;/m/030q7;ln;fp;1;;;;-1
Marcel Sabitzer,Austria,Algeria 3-3 Austria,6.8,,Google rendered lineup rating scrape,Matched from Google display 'M. Sabitzer'. Source URL: https://www.google.com/search?q=Algeria%20vs%20Austria%20FIFA%20World%20Cup%202026#sie=m;/g/11yqrszht2;2;/m/030q7;ln;fp;1;;;;-1
Amine Gouiri,Algeria,Argentina 3-0 Algeria,5.9,,Google rendered lineup rating scrape,Matched from Google display 'A. Gouiri'. Source URL: https://www.google.com/search?q=Argentina%20vs%20Algeria%20FIFA%20World%20Cup%202026#sie=m;/g/11yrzs0j6d;2;/m/030q7;ln;fp;1;;;;-1
Riyad Mahrez,Algeria,Argentina 3-0 Algeria,6.3,,Google rendered lineup rating scrape,Matched from Google display 'Riyad Mahrez'. Source URL: https://www.google.com/search?q=Argentina%20vs%20Algeria%20FIFA%20World%20Cup%202026#sie=m;/g/11yrzs0j6d;2;/m/030q7;ln;fp;1;;;;-1
Julian Alvarez,Argentina,Argentina 3-0 Algeria,6.4,,Google rendered lineup rating scrape,Matched from Google display 'Julián Alvarez'. Source URL: https://www.google.com/search?q=Argentina%20vs%20Algeria%20FIFA%20World%20Cup%202026#sie=m;/g/11yrzs0j6d;2;/m/030q7;ln;fp;1;;;;-1
Lautaro Martinez,Argentina,Argentina 3-0 Algeria,6.4,,Google rendered lineup rating scrape,Matched from Google display 'L. Martínez'. Source URL: https://www.google.com/search?q=Argentina%20vs%20Algeria%20FIFA%20World%20Cup%202026#sie=m;/g/11yrzs0j6d;2;/m/030q7;ln;fp;1;;;;-1
Lionel Messi,Argentina,Argentina 3-0 Algeria,9.6,,Google rendered lineup rating scrape,Matched from Google display 'L. Messi'. Source URL: https://www.google.com/search?q=Argentina%20vs%20Algeria%20FIFA%20World%20Cup%202026#sie=m;/g/11yrzs0j6d;2;/m/030q7;ln;fp;1;;;;-1
Harry Souttar,Australia,Australia 2-0 Turkiye,7.1,,Google rendered lineup rating scrape,Matched from Google display 'H. Souttar'. Source URL: https://www.google.com/search?q=Australia%20vs%20Turkey%20FIFA%20World%20Cup%202026#sie=m;/g/11zkqrtkhl;2;/m/030q7;ln;fp;1;;;;-1
Jackson Irvine,Australia,Australia 2-0 Turkiye,5.6,,Google rendered lineup rating scrape,Matched from Google display 'Jackson Irvine'. Source URL: https://www.google.com/search?q=Australia%20vs%20Turkey%20FIFA%20World%20Cup%202026#sie=m;/g/11zkqrtkhl;2;/m/030q7;ln;fp;1;;;;-1
Arda Guler,Turkiye,Australia 2-0 Turkiye,5.3,,Google rendered lineup rating scrape,Matched from Google display 'A. Güler'. Source URL: https://www.google.com/search?q=Australia%20vs%20Turkey%20FIFA%20World%20Cup%202026#sie=m;/g/11zkqrtkhl;2;/m/030q7;ln;fp;1;;;;-1
Hakan Calhanoglu,Turkiye,Australia 2-0 Turkiye,6.1,,Google rendered lineup rating scrape,Matched from Google display 'H. Çalhanoğlu'. Source URL: https://www.google.com/search?q=Australia%20vs%20Turkey%20FIFA%20World%20Cup%202026#sie=m;/g/11zkqrtkhl;2;/m/030q7;ln;fp;1;;;;-1
David Alaba,Austria,Austria 3-1 Jordan,6.5,,Google rendered lineup rating scrape,Matched from Google display 'D. Alaba'. Source URL: https://www.google.com/search?q=Austria%20vs%20Jordan%20FIFA%20World%20Cup%202026#sie=m;/g/11ms2k3x8h;2;/m/030q7;ln;fp;1;;;;-1
Marcel Sabitzer,Austria,Austria 3-1 Jordan,6.4,,Google rendered lineup rating scrape,Matched from Google display 'M. Sabitzer'. Source URL: https://www.google.com/search?q=Austria%20vs%20Jordan%20FIFA%20World%20Cup%202026#sie=m;/g/11ms2k3x8h;2;/m/030q7;ln;fp;1;;;;-1
Kevin De Bruyne,Belgium,Belgium 0-0 Iran,4.6,,Google rendered lineup rating scrape,Matched from Google display 'K. De Bruyne'. Source URL: https://www.google.com/search?q=Belgium%20vs%20Iran%20FIFA%20World%20Cup%202026#sie=m;/g/11yr_3h08h;2;/m/030q7;ln;fp;1;;;;-1
Romelu Lukaku,Belgium,Belgium 0-0 Iran,4.6,,Google rendered lineup rating scrape,Matched from Google display 'R. Lukaku'. Source URL: https://www.google.com/search?q=Belgium%20vs%20Iran%20FIFA%20World%20Cup%202026#sie=m;/g/11yr_3h08h;2;/m/030q7;ln;fp;1;;;;-1
Alireza Jahanbakhsh,Iran,Belgium 0-0 Iran,4.8,,Google rendered lineup rating scrape,Matched from Google display 'Alireza Jahanbakhsh'. Source URL: https://www.google.com/search?q=Belgium%20vs%20Iran%20FIFA%20World%20Cup%202026#sie=m;/g/11yr_3h08h;2;/m/030q7;ln;fp;1;;;;-1
Mehdi Taremi,Iran,Belgium 0-0 Iran,5.3,,Google rendered lineup rating scrape,Matched from Google display 'M. Taremi'. Source URL: https://www.google.com/search?q=Belgium%20vs%20Iran%20FIFA%20World%20Cup%202026#sie=m;/g/11yr_3h08h;2;/m/030q7;ln;fp;1;;;;-1
Jeremy Doku,Belgium,Belgium 1-1 Egypt,4.5,,Google rendered lineup rating scrape,Matched from Google display 'J. Doku'. Source URL: https://www.google.com/search?q=Belgium%20vs%20Egypt%20FIFA%20World%20Cup%202026#sie=m;/g/11ms2kwl9b;2;/m/030q7;ln;fp;1;;;;-1
Kevin De Bruyne,Belgium,Belgium 1-1 Egypt,4.8,,Google rendered lineup rating scrape,Matched from Google display 'K. De Bruyne'. Source URL: https://www.google.com/search?q=Belgium%20vs%20Egypt%20FIFA%20World%20Cup%202026#sie=m;/g/11ms2kwl9b;2;/m/030q7;ln;fp;1;;;;-1
Romelu Lukaku,Belgium,Belgium 1-1 Egypt,4.7,,Google rendered lineup rating scrape,Matched from Google display 'Romelu Lukaku'. Source URL: https://www.google.com/search?q=Belgium%20vs%20Egypt%20FIFA%20World%20Cup%202026#sie=m;/g/11ms2kwl9b;2;/m/030q7;ln;fp;1;;;;-1
Mohamed Salah,Egypt,Belgium 1-1 Egypt,5.6,,Google rendered lineup rating scrape,Matched from Google display 'M. Salah'. Source URL: https://www.google.com/search?q=Belgium%20vs%20Egypt%20FIFA%20World%20Cup%202026#sie=m;/g/11ms2kwl9b;2;/m/030q7;ln;fp;1;;;;-1
Omar Marmoush,Egypt,Belgium 1-1 Egypt,4.8,,Google rendered lineup rating scrape,Matched from Google display 'O. Marmoush'. Source URL: https://www.google.com/search?q=Belgium%20vs%20Egypt%20FIFA%20World%20Cup%202026#sie=m;/g/11ms2kwl9b;2;/m/030q7;ln;fp;1;;;;-1
Jeremy Doku,Belgium,Belgium 3-2 Senegal,6.1,,Google rendered lineup rating scrape,Matched from Google display 'J. Doku'. Source URL: https://www.google.com/search?q=Belgium%20vs%20Senegal%20FIFA%20World%20Cup%202026#sie=m;/g/11xl30wm6_;2;/m/030q7;ln;fp;1;;;;-1
Kevin De Bruyne,Belgium,Belgium 3-2 Senegal,5.3,,Google rendered lineup rating scrape,Matched from Google display 'K. De Bruyne'. Source URL: https://www.google.com/search?q=Belgium%20vs%20Senegal%20FIFA%20World%20Cup%202026#sie=m;/g/11xl30wm6_;2;/m/030q7;ln;fp;1;;;;-1
Romelu Lukaku,Belgium,Belgium 3-2 Senegal,6.7,,Google rendered lineup rating scrape,Matched from Google display 'Romelu Lukaku'. Source URL: https://www.google.com/search?q=Belgium%20vs%20Senegal%20FIFA%20World%20Cup%202026#sie=m;/g/11xl30wm6_;2;/m/030q7;ln;fp;1;;;;-1
Nicolas Jackson,Senegal,Belgium 3-2 Senegal,5.6,,Google rendered lineup rating scrape,Matched from Google display 'Nicolas Jackson'. Source URL: https://www.google.com/search?q=Belgium%20vs%20Senegal%20FIFA%20World%20Cup%202026#sie=m;/g/11xl30wm6_;2;/m/030q7;ln;fp;1;;;;-1
Sadio Mane,Senegal,Belgium 3-2 Senegal,6.0,,Google rendered lineup rating scrape,Matched from Google display 'S. Mané'. Source URL: https://www.google.com/search?q=Belgium%20vs%20Senegal%20FIFA%20World%20Cup%202026#sie=m;/g/11xl30wm6_;2;/m/030q7;ln;fp;1;;;;-1
Jeremy Doku,Belgium,Belgium 5-1 New Zealand,6.8,,Google rendered lineup rating scrape,Matched from Google display 'J. Doku'. Source URL: https://www.google.com/search?q=Belgium%20vs%20New%20Zealand%20FIFA%20World%20Cup%202026#sie=m;/g/11ms2kvqz7;2;/m/030q7;ln;fp;1;;;;-1
Kevin De Bruyne,Belgium,Belgium 5-1 New Zealand,7.9,,Google rendered lineup rating scrape,Matched from Google display 'K. De Bruyne'. Source URL: https://www.google.com/search?q=Belgium%20vs%20New%20Zealand%20FIFA%20World%20Cup%202026#sie=m;/g/11ms2kvqz7;2;/m/030q7;ln;fp;1;;;;-1
Romelu Lukaku,Belgium,Belgium 5-1 New Zealand,8.0,,Google rendered lineup rating scrape,Matched from Google display 'Romelu Lukaku'. Source URL: https://www.google.com/search?q=Belgium%20vs%20New%20Zealand%20FIFA%20World%20Cup%202026#sie=m;/g/11ms2kvqz7;2;/m/030q7;ln;fp;1;;;;-1
Alisson,Brazil,Brazil 1-1 Morocco,5.8,,Google rendered lineup rating scrape,Matched from Google display 'A. Becker'. Source URL: https://www.google.com/search?q=Brazil%20vs%20Morocco%20FIFA%20World%20Cup%202026#sie=m;/g/11ms2kt1kt;2;/m/030q7;ln;fp;1;;;;-1
Vinicius Junior,Brazil,Brazil 1-1 Morocco,5.9,,Google rendered lineup rating scrape,Matched from Google display 'V. Júnior'. Source URL: https://www.google.com/search?q=Brazil%20vs%20Morocco%20FIFA%20World%20Cup%202026#sie=m;/g/11ms2kt1kt;2;/m/030q7;ln;fp;1;;;;-1
Achraf Hakimi,Morocco,Brazil 1-1 Morocco,6.1,,Google rendered lineup rating scrape,Matched from Google display 'A. Hakimi'. Source URL: https://www.google.com/search?q=Brazil%20vs%20Morocco%20FIFA%20World%20Cup%202026#sie=m;/g/11ms2kt1kt;2;/m/030q7;ln;fp;1;;;;-1
Brahim Diaz,Morocco,Brazil 1-1 Morocco,5.1,,Google rendered lineup rating scrape,Matched from Google display 'B. Díaz'. Source URL: https://www.google.com/search?q=Brazil%20vs%20Morocco%20FIFA%20World%20Cup%202026#sie=m;/g/11ms2kt1kt;2;/m/030q7;ln;fp;1;;;;-1
Yassine Bounou,Morocco,Brazil 1-1 Morocco,6.3,,Google rendered lineup rating scrape,Matched from Google display 'Y. Bounou'. Source URL: https://www.google.com/search?q=Brazil%20vs%20Morocco%20FIFA%20World%20Cup%202026#sie=m;/g/11ms2kt1kt;2;/m/030q7;ln;fp;1;;;;-1
Alisson,Brazil,Brazil 2-1 Japan,4.7,,Google rendered lineup rating scrape,Matched from Google display 'A. Becker'. Source URL: https://www.google.com/search?q=Brazil%20vs%20Japan%20FIFA%20World%20Cup%202026#sie=m;/g/11yflp3544;2;/m/030q7;ln;fp;1;;;;-1
Vinicius Junior,Brazil,Brazil 2-1 Japan,6.7,,Google rendered lineup rating scrape,Matched from Google display 'V. Júnior'. Source URL: https://www.google.com/search?q=Brazil%20vs%20Japan%20FIFA%20World%20Cup%202026#sie=m;/g/11yflp3544;2;/m/030q7;ln;fp;1;;;;-1
Alisson,Brazil,Brazil 3-0 Haiti,8.0,,Google rendered lineup rating scrape,Matched from Google display 'A. Becker'. Source URL: https://www.google.com/search?q=Brazil%20vs%20Haiti%20FIFA%20World%20Cup%202026#sie=m;/g/11yrzrr99g;2;/m/030q7;ln;fp;1;;;;-1
Vinicius Junior,Brazil,Brazil 3-0 Haiti,7.7,,Google rendered lineup rating scrape,Matched from Google display 'V. Júnior'. Source URL: https://www.google.com/search?q=Brazil%20vs%20Haiti%20FIFA%20World%20Cup%202026#sie=m;/g/11yrzrr99g;2;/m/030q7;ln;fp;1;;;;-1
Alisson,Brazil,Brazil 3-0 Scotland,7.9,,Google rendered lineup rating scrape,Matched from Google display 'A. Becker'. Source URL: https://www.google.com/search?q=Scotland%20vs%20Brazil%20FIFA%20World%20Cup%202026#sie=m;/g/11yqs4y3pd;2;/m/030q7;ln;fp;1;;;;-1
Vinicius Junior,Brazil,Brazil 3-0 Scotland,9.3,,Google rendered lineup rating scrape,Matched from Google display 'V. Júnior'. Source URL: https://www.google.com/search?q=Scotland%20vs%20Brazil%20FIFA%20World%20Cup%202026#sie=m;/g/11yqs4y3pd;2;/m/030q7;ln;fp;1;;;;-1
Andy Robertson,Scotland,Brazil 3-0 Scotland,4.8,,Google rendered lineup rating scrape,Matched from Google display 'A. Robertson'. Source URL: https://www.google.com/search?q=Scotland%20vs%20Brazil%20FIFA%20World%20Cup%202026#sie=m;/g/11yqs4y3pd;2;/m/030q7;ln;fp;1;;;;-1
John McGinn,Scotland,Brazil 3-0 Scotland,5.9,,Google rendered lineup rating scrape,Matched from Google display 'J. McGinn'. Source URL: https://www.google.com/search?q=Scotland%20vs%20Brazil%20FIFA%20World%20Cup%202026#sie=m;/g/11yqs4y3pd;2;/m/030q7;ln;fp;1;;;;-1
Scott McTominay,Scotland,Brazil 3-0 Scotland,5.4,,Google rendered lineup rating scrape,Matched from Google display 'S. McTominay'. Source URL: https://www.google.com/search?q=Scotland%20vs%20Brazil%20FIFA%20World%20Cup%202026#sie=m;/g/11yqs4y3pd;2;/m/030q7;ln;fp;1;;;;-1
Jonathan David,Canada,Canada 1-1 Bosnia and Herzegovina,5.4,,Google rendered lineup rating scrape,Matched from Google display 'J. David'. Source URL: https://www.google.com/search?q=Canada%20vs%20Bosnia%20and%20Herzegovina%20FIFA%20World%20Cup%202026#sie=m;/g/11yrzsg0_1;2;/m/030q7;ln;fp;1;;;;-1
Tajon Buchanan,Canada,Canada 1-1 Bosnia and Herzegovina,5.2,,Google rendered lineup rating scrape,Matched from Google display 'T. Buchanan'. Source URL: https://www.google.com/search?q=Canada%20vs%20Bosnia%20and%20Herzegovina%20FIFA%20World%20Cup%202026#sie=m;/g/11yrzsg0_1;2;/m/030q7;ln;fp;1;;;;-1
Daniel Munoz,Colombia,Colombia 0-0 Portugal,5.5,,Google rendered lineup rating scrape,Matched from Google display 'Daniel Muñoz'. Source URL: https://www.google.com/search?q=Colombia%20vs%20Portugal%20FIFA%20World%20Cup%202026#sie=m;/g/11ms2k2435;2;/m/030q7;ln;fp;1;;;;-1
James Rodriguez,Colombia,Colombia 0-0 Portugal,6.1,,Google rendered lineup rating scrape,Matched from Google display 'J. Rodríguez'. Source URL: https://www.google.com/search?q=Colombia%20vs%20Portugal%20FIFA%20World%20Cup%202026#sie=m;/g/11ms2k2435;2;/m/030q7;ln;fp;1;;;;-1
Luis Diaz,Colombia,Colombia 0-0 Portugal,4.6,,Google rendered lineup rating scrape,Matched from Google display 'L. Díaz'. Source URL: https://www.google.com/search?q=Colombia%20vs%20Portugal%20FIFA%20World%20Cup%202026#sie=m;/g/11ms2k2435;2;/m/030q7;ln;fp;1;;;;-1
Bruno Fernandes,Portugal,Colombia 0-0 Portugal,4.9,,Google rendered lineup rating scrape,Matched from Google display 'B. Fernandes'. Source URL: https://www.google.com/search?q=Colombia%20vs%20Portugal%20FIFA%20World%20Cup%202026#sie=m;/g/11ms2k2435;2;/m/030q7;ln;fp;1;;;;-1
Cristiano Ronaldo,Portugal,Colombia 0-0 Portugal,4.5,,Google rendered lineup rating scrape,Matched from Google display 'C. Ronaldo'. Source URL: https://www.google.com/search?q=Colombia%20vs%20Portugal%20FIFA%20World%20Cup%202026#sie=m;/g/11ms2k2435;2;/m/030q7;ln;fp;1;;;;-1
Rafael Leao,Portugal,Colombia 0-0 Portugal,5.3,,Google rendered lineup rating scrape,Matched from Google display 'Rafael Leão'. Source URL: https://www.google.com/search?q=Colombia%20vs%20Portugal%20FIFA%20World%20Cup%202026#sie=m;/g/11ms2k2435;2;/m/030q7;ln;fp;1;;;;-1
Daniel Munoz,Colombia,Colombia 1-0 DR Congo,6.4,,Google rendered lineup rating scrape,Matched from Google display 'D. Muñoz'. Source URL: https://www.google.com/search?q=Colombia%20vs%20DR%20Congo%20FIFA%20World%20Cup%202026#sie=m;/g/11ms2kfldx;2;/m/030q7;ln;fp;1;;;;-1
James Rodriguez,Colombia,Colombia 1-0 DR Congo,6.3,,Google rendered lineup rating scrape,Matched from Google display 'J. Rodríguez'. Source URL: https://www.google.com/search?q=Colombia%20vs%20DR%20Congo%20FIFA%20World%20Cup%202026#sie=m;/g/11ms2kfldx;2;/m/030q7;ln;fp;1;;;;-1
Luis Diaz,Colombia,Colombia 1-0 DR Congo,5.2,,Google rendered lineup rating scrape,Matched from Google display 'L. Díaz'. Source URL: https://www.google.com/search?q=Colombia%20vs%20DR%20Congo%20FIFA%20World%20Cup%202026#sie=m;/g/11ms2kfldx;2;/m/030q7;ln;fp;1;;;;-1
Daniel Munoz,Colombia,Colombia 3-1 Uzbekistan,6.9,,Google rendered lineup rating scrape,Matched from Google display 'D. Muñoz'. Source URL: https://www.google.com/search?q=Colombia%20vs%20Uzbekistan%20FIFA%20World%20Cup%202026#sie=m;/g/11yr_3jn67;2;/m/030q7;ln;fp;1;;;;-1
James Rodriguez,Colombia,Colombia 3-1 Uzbekistan,6.8,,Google rendered lineup rating scrape,Matched from Google display 'J. Rodríguez'. Source URL: https://www.google.com/search?q=Colombia%20vs%20Uzbekistan%20FIFA%20World%20Cup%202026#sie=m;/g/11yr_3jn67;2;/m/030q7;ln;fp;1;;;;-1
Luis Diaz,Colombia,Colombia 3-1 Uzbekistan,8.0,,Google rendered lineup rating scrape,Matched from Google display 'L. Díaz'. Source URL: https://www.google.com/search?q=Colombia%20vs%20Uzbekistan%20FIFA%20World%20Cup%202026#sie=m;/g/11yr_3jn67;2;/m/030q7;ln;fp;1;;;;-1
Franck Kessie,Cote d'Ivoire,Cote d'Ivoire 1-0 Ecuador,6.3,,Google rendered lineup rating scrape,Matched from Google display 'F. Kessié'. Source URL: https://www.google.com/search?q=Ivory%20Coast%20vs%20Ecuador%20FIFA%20World%20Cup%202026#sie=m;/g/11yrztyxpw;2;/m/030q7;ln;fp;1;;;;-1
Moises Caicedo,Ecuador,Cote d'Ivoire 1-0 Ecuador,6.1,,Google rendered lineup rating scrape,Matched from Google display 'M. Caicedo'. Source URL: https://www.google.com/search?q=Ivory%20Coast%20vs%20Ecuador%20FIFA%20World%20Cup%202026#sie=m;/g/11yrztyxpw;2;/m/030q7;ln;fp;1;;;;-1
Piero Hincapie,Ecuador,Cote d'Ivoire 1-0 Ecuador,4.5,,Google rendered lineup rating scrape,Matched from Google display 'P. Hincapié'. Source URL: https://www.google.com/search?q=Ivory%20Coast%20vs%20Ecuador%20FIFA%20World%20Cup%202026#sie=m;/g/11yrztyxpw;2;/m/030q7;ln;fp;1;;;;-1
Willian Pacho,Ecuador,Cote d'Ivoire 1-0 Ecuador,5.5,,Google rendered lineup rating scrape,Matched from Google display 'W. Pacho'. Source URL: https://www.google.com/search?q=Ivory%20Coast%20vs%20Ecuador%20FIFA%20World%20Cup%202026#sie=m;/g/11yrztyxpw;2;/m/030q7;ln;fp;1;;;;-1
Franck Kessie,Cote d'Ivoire,Cote d'Ivoire 1-2 Norway,5.6,,Google rendered lineup rating scrape,Matched from Google display 'F. Kessié'. Source URL: https://www.google.com/search?q=world+cup#sie=m;/g/11xl329t7w;2;/m/030q7;ln;fp;1;;;;-1
Alexander Sorloth,Norway,Cote d'Ivoire 1-2 Norway,5.7,,Google rendered lineup rating scrape,Matched from Google display 'A. Sørloth'. Source URL: https://www.google.com/search?q=world+cup#sie=m;/g/11xl329t7w;2;/m/030q7;ln;fp;1;;;;-1
Erling Haaland,Norway,Cote d'Ivoire 1-2 Norway,7.0,,Google rendered lineup rating scrape,Matched from Google display 'E. Haaland'. Source URL: https://www.google.com/search?q=world+cup#sie=m;/g/11xl329t7w;2;/m/030q7;ln;fp;1;;;;-1
Martin Odegaard,Norway,Cote d'Ivoire 1-2 Norway,5.6,,Google rendered lineup rating scrape,Matched from Google display 'M. Ødegaard'. Source URL: https://www.google.com/search?q=world+cup#sie=m;/g/11xl329t7w;2;/m/030q7;ln;fp;1;;;;-1
Franck Kessie,Cote d'Ivoire,Cote d'Ivoire 2-0 Curacao,6.2,,Google rendered lineup rating scrape,Matched from Google display 'F. Kessié'. Source URL: https://www.google.com/search?q=Ivory%20Coast%20vs%20Cura%C3%A7ao%20FIFA%20World%20Cup%202026#sie=m;/g/11ms2jz_j3;2;/m/030q7;ln;fp;1;;;;-1
Josko Gvardiol,Croatia,Croatia 2-1 Ghana,5.6,,Google rendered lineup rating scrape,Matched from Google display 'Joško Gvardiol'. Source URL: https://www.google.com/search?q=Croatia%20vs%20Ghana%20FIFA%20World%20Cup%202026#sie=m;/g/11yqrvkq46;2;/m/030q7;ln;fp;1;;;;-1
Luka Modric,Croatia,Croatia 2-1 Ghana,7.7,,Google rendered lineup rating scrape,Matched from Google display 'L. Modrić'. Source URL: https://www.google.com/search?q=Croatia%20vs%20Ghana%20FIFA%20World%20Cup%202026#sie=m;/g/11yqrvkq46;2;/m/030q7;ln;fp;1;;;;-1
Mateo Kovacic,Croatia,Croatia 2-1 Ghana,5.9,,Google rendered lineup rating scrape,Matched from Google display 'M. Kovačić'. Source URL: https://www.google.com/search?q=Croatia%20vs%20Ghana%20FIFA%20World%20Cup%202026#sie=m;/g/11yqrvkq46;2;/m/030q7;ln;fp;1;;;;-1
Adam Hlozek,Czechia,Czechia 1-1 South Africa,4.9,,Google rendered lineup rating scrape,Matched from Google display 'A. Hložek'. Source URL: https://www.google.com/search?q=Czechia%20vs%20South%20Africa%20FIFA%20World%20Cup%202026#sie=m;/g/11yqs574p8;2;/m/030q7;ln;fp;1;;;;-1
Patrik Schick,Czechia,Czechia 1-1 South Africa,5.3,,Google rendered lineup rating scrape,Matched from Google display 'P. Schick'. Source URL: https://www.google.com/search?q=Czechia%20vs%20South%20Africa%20FIFA%20World%20Cup%202026#sie=m;/g/11yqs574p8;2;/m/030q7;ln;fp;1;;;;-1
Tomas Soucek,Czechia,Czechia 1-1 South Africa,5.2,,Google rendered lineup rating scrape,Matched from Google display 'Tomáš Souček'. Source URL: https://www.google.com/search?q=Czechia%20vs%20South%20Africa%20FIFA%20World%20Cup%202026#sie=m;/g/11yqs574p8;2;/m/030q7;ln;fp;1;;;;-1
Moises Caicedo,Ecuador,Ecuador 0-0 Curacao,6.9,,Google rendered lineup rating scrape,Matched from Google display 'M. Caicedo'. Source URL: https://www.google.com/search?q=Ecuador%20vs%20Cura%C3%A7ao%20FIFA%20World%20Cup%202026#sie=m;/g/11yqs4xxg9;2;/m/030q7;ln;fp;1;;;;-1
Piero Hincapie,Ecuador,Ecuador 0-0 Curacao,6.8,,Google rendered lineup rating scrape,Matched from Google display 'P. Hincapié'. Source URL: https://www.google.com/search?q=Ecuador%20vs%20Cura%C3%A7ao%20FIFA%20World%20Cup%202026#sie=m;/g/11yqs4xxg9;2;/m/030q7;ln;fp;1;;;;-1
Willian Pacho,Ecuador,Ecuador 0-0 Curacao,6.9,,Google rendered lineup rating scrape,Matched from Google display 'W. Pacho'. Source URL: https://www.google.com/search?q=Ecuador%20vs%20Cura%C3%A7ao%20FIFA%20World%20Cup%202026#sie=m;/g/11yqs4xxg9;2;/m/030q7;ln;fp;1;;;;-1
Moises Caicedo,Ecuador,Ecuador 2-1 Germany,6.4,,Google rendered lineup rating scrape,Matched from Google display 'M. Caicedo'. Source URL: https://www.google.com/search?q=Ecuador%20vs%20Germany%20FIFA%20World%20Cup%202026#sie=m;/g/11yr_39fvs;2;/m/030q7;ln;fp;1;;;;-1
Piero Hincapie,Ecuador,Ecuador 2-1 Germany,5.9,,Google rendered lineup rating scrape,Matched from Google display 'P. Hincapié'. Source URL: https://www.google.com/search?q=Ecuador%20vs%20Germany%20FIFA%20World%20Cup%202026#sie=m;/g/11yr_39fvs;2;/m/030q7;ln;fp;1;;;;-1
Willian Pacho,Ecuador,Ecuador 2-1 Germany,7.0,,Google rendered lineup rating scrape,Matched from Google display 'W. Pacho'. Source URL: https://www.google.com/search?q=Ecuador%20vs%20Germany%20FIFA%20World%20Cup%202026#sie=m;/g/11yr_39fvs;2;/m/030q7;ln;fp;1;;;;-1
Florian Wirtz,Germany,Ecuador 2-1 Germany,5.5,,Google rendered lineup rating scrape,Matched from Google display 'F. Wirtz'. Source URL: https://www.google.com/search?q=Ecuador%20vs%20Germany%20FIFA%20World%20Cup%202026#sie=m;/g/11yr_39fvs;2;/m/030q7;ln;fp;1;;;;-1
Jamal Musiala,Germany,Ecuador 2-1 Germany,5.5,,Google rendered lineup rating scrape,Matched from Google display 'J. Musiala'. Source URL: https://www.google.com/search?q=Ecuador%20vs%20Germany%20FIFA%20World%20Cup%202026#sie=m;/g/11yr_39fvs;2;/m/030q7;ln;fp;1;;;;-1
Joshua Kimmich,Germany,Ecuador 2-1 Germany,5.9,,Google rendered lineup rating scrape,Matched from Google display 'J. Kimmich'. Source URL: https://www.google.com/search?q=Ecuador%20vs%20Germany%20FIFA%20World%20Cup%202026#sie=m;/g/11yr_39fvs;2;/m/030q7;ln;fp;1;;;;-1
Mohamed Salah,Egypt,Egypt 1-1 Iran,6.6,,Google rendered lineup rating scrape,Matched from Google display 'M. Salah'. Source URL: https://www.google.com/search?q=Egypt%20vs%20Iran%20FIFA%20World%20Cup%202026#sie=m;/g/11yr_3tn23;2;/m/030q7;ln;fp;1;;;;-1
Omar Marmoush,Egypt,Egypt 1-1 Iran,5.8,,Google rendered lineup rating scrape,Matched from Google display 'Omar Marmoush'. Source URL: https://www.google.com/search?q=Egypt%20vs%20Iran%20FIFA%20World%20Cup%202026#sie=m;/g/11yr_3tn23;2;/m/030q7;ln;fp;1;;;;-1
Alireza Jahanbakhsh,Iran,Egypt 1-1 Iran,6.1,,Google rendered lineup rating scrape,Matched from Google display 'Alireza Jahanbakhsh'. Source URL: https://www.google.com/search?q=Egypt%20vs%20Iran%20FIFA%20World%20Cup%202026#sie=m;/g/11yr_3tn23;2;/m/030q7;ln;fp;1;;;;-1
Mehdi Taremi,Iran,Egypt 1-1 Iran,6.7,,Google rendered lineup rating scrape,Matched from Google display 'M. Taremi'. Source URL: https://www.google.com/search?q=Egypt%20vs%20Iran%20FIFA%20World%20Cup%202026#sie=m;/g/11yr_3tn23;2;/m/030q7;ln;fp;1;;;;-1
Bukayo Saka,England,England 0-0 Ghana,5.8,,Google rendered lineup rating scrape,Matched from Google display 'Bukayo Saka'. Source URL: https://www.google.com/search?q=England%20vs%20Ghana%20FIFA%20World%20Cup%202026#sie=m;/g/11yqs4n97k;2;/m/030q7;ln;fp;1;;;;-1
Harry Kane,England,England 0-0 Ghana,5.5,,Google rendered lineup rating scrape,Matched from Google display 'H. Kane'. Source URL: https://www.google.com/search?q=England%20vs%20Ghana%20FIFA%20World%20Cup%202026#sie=m;/g/11yqs4n97k;2;/m/030q7;ln;fp;1;;;;-1
Jude Bellingham,England,England 0-0 Ghana,5.0,,Google rendered lineup rating scrape,Matched from Google display 'J. Bellingham'. Source URL: https://www.google.com/search?q=England%20vs%20Ghana%20FIFA%20World%20Cup%202026#sie=m;/g/11yqs4n97k;2;/m/030q7;ln;fp;1;;;;-1
Bukayo Saka,England,England 2-1 DR Congo,5.1,,Google rendered lineup rating scrape,Matched from Google display 'Bukayo Saka'. Source URL: https://www.google.com/search?q=DR%20Congo%20vs%20England%20FIFA%20World%20Cup%202026#sie=m;/g/11xmtl7npy;2;/m/030q7;ln;fp;1;;;;-1
Harry Kane,England,England 2-1 DR Congo,7.6,,Google rendered lineup rating scrape,Matched from Google display 'H. Kane'. Source URL: https://www.google.com/search?q=DR%20Congo%20vs%20England%20FIFA%20World%20Cup%202026#sie=m;/g/11xmtl7npy;2;/m/030q7;ln;fp;1;;;;-1
Jude Bellingham,England,England 2-1 DR Congo,5.6,,Google rendered lineup rating scrape,Matched from Google display 'J. Bellingham'. Source URL: https://www.google.com/search?q=DR%20Congo%20vs%20England%20FIFA%20World%20Cup%202026#sie=m;/g/11xmtl7npy;2;/m/030q7;ln;fp;1;;;;-1
Kylian Mbappe,France,France 3-0 Iraq,9.1,,Google rendered lineup rating scrape,Matched from Google display 'K. Mbappé'. Source URL: https://www.google.com/search?q=France%20vs%20Iraq%20FIFA%20World%20Cup%202026#sie=m;/g/11yqs4_r8p;2;/m/030q7;ln;fp;1;;;;-1
Michael Olise,France,France 3-0 Iraq,7.1,,Google rendered lineup rating scrape,Matched from Google display 'M. Olise'. Source URL: https://www.google.com/search?q=France%20vs%20Iraq%20FIFA%20World%20Cup%202026#sie=m;/g/11yqs4_r8p;2;/m/030q7;ln;fp;1;;;;-1
Ousmane Dembele,France,France 3-0 Iraq,7.8,,Google rendered lineup rating scrape,Matched from Google display 'O. Dembélé'. Source URL: https://www.google.com/search?q=France%20vs%20Iraq%20FIFA%20World%20Cup%202026#sie=m;/g/11yqs4_r8p;2;/m/030q7;ln;fp;1;;;;-1
Kylian Mbappe,France,France 3-0 Sweden,9.2,,Google rendered lineup rating scrape,Matched from Google display 'K. Mbappé'. Source URL: https://www.google.com/search?q=France%20vs%20Sweden%20FIFA%20World%20Cup%202026#sie=m;/g/11xmtb5phg;2;/m/030q7;ln;fp;1;;;;-1
Michael Olise,France,France 3-0 Sweden,7.0,,Google rendered lineup rating scrape,Matched from Google display 'M. Olise'. Source URL: https://www.google.com/search?q=France%20vs%20Sweden%20FIFA%20World%20Cup%202026#sie=m;/g/11xmtb5phg;2;/m/030q7;ln;fp;1;;;;-1
Ousmane Dembele,France,France 3-0 Sweden,6.5,,Google rendered lineup rating scrape,Matched from Google display 'O. Dembélé'. Source URL: https://www.google.com/search?q=France%20vs%20Sweden%20FIFA%20World%20Cup%202026#sie=m;/g/11xmtb5phg;2;/m/030q7;ln;fp;1;;;;-1
Kylian Mbappe,France,France 3-1 Senegal,7.3,,Google rendered lineup rating scrape,Matched from Google display 'K. Mbappé'. Source URL: https://www.google.com/search?q=France%20vs%20Senegal%20FIFA%20World%20Cup%202026#sie=m;/g/11yqs54tt9;2;/m/030q7;ln;fp;1;;;;-1
Michael Olise,France,France 3-1 Senegal,6.6,,Google rendered lineup rating scrape,Matched from Google display 'M. Olise'. Source URL: https://www.google.com/search?q=France%20vs%20Senegal%20FIFA%20World%20Cup%202026#sie=m;/g/11yqs54tt9;2;/m/030q7;ln;fp;1;;;;-1
Ousmane Dembele,France,France 3-1 Senegal,5.6,,Google rendered lineup rating scrape,Matched from Google display 'O. Dembélé'. Source URL: https://www.google.com/search?q=France%20vs%20Senegal%20FIFA%20World%20Cup%202026#sie=m;/g/11yqs54tt9;2;/m/030q7;ln;fp;1;;;;-1
Kalidou Koulibaly,Senegal,France 3-1 Senegal,4.7,,Google rendered lineup rating scrape,Matched from Google display 'K. Koulibaly'. Source URL: https://www.google.com/search?q=France%20vs%20Senegal%20FIFA%20World%20Cup%202026#sie=m;/g/11yqs54tt9;2;/m/030q7;ln;fp;1;;;;-1
Nicolas Jackson,Senegal,France 3-1 Senegal,5.3,,Google rendered lineup rating scrape,Matched from Google display 'N. Jackson'. Source URL: https://www.google.com/search?q=France%20vs%20Senegal%20FIFA%20World%20Cup%202026#sie=m;/g/11yqs54tt9;2;/m/030q7;ln;fp;1;;;;-1
Sadio Mane,Senegal,France 3-1 Senegal,5.8,,Google rendered lineup rating scrape,Matched from Google display 'S. Mané'. Source URL: https://www.google.com/search?q=France%20vs%20Senegal%20FIFA%20World%20Cup%202026#sie=m;/g/11yqs54tt9;2;/m/030q7;ln;fp;1;;;;-1
Kylian Mbappe,France,France 4-1 Norway,6.9,,Google rendered lineup rating scrape,Matched from Google display 'K. Mbappé'. Source URL: https://www.google.com/search?q=France%20vs%20Norway%20FIFA%20World%20Cup%202026#sie=m;/g/11ms2jwpbb;2;/m/030q7;ln;fp;1;;;;-1
Michael Olise,France,France 4-1 Norway,6.1,,Google rendered lineup rating scrape,Matched from Google display 'M. Olise'. Source URL: https://www.google.com/search?q=France%20vs%20Norway%20FIFA%20World%20Cup%202026#sie=m;/g/11ms2jwpbb;2;/m/030q7;ln;fp;1;;;;-1
Ousmane Dembele,France,France 4-1 Norway,9.2,,Google rendered lineup rating scrape,Matched from Google display 'O. Dembélé'. Source URL: https://www.google.com/search?q=France%20vs%20Norway%20FIFA%20World%20Cup%202026#sie=m;/g/11ms2jwpbb;2;/m/030q7;ln;fp;1;;;;-1
Florian Wirtz,Germany,Germany 1-1 Paraguay,6.4,,Google rendered lineup rating scrape,Matched from Google display 'F. Wirtz'. Source URL: https://www.google.com/search?q=Germany%20vs%20Paraguay%20FIFA%20World%20Cup%202026#sie=m;/g/11xl345l5b;2;/m/030q7;ln;fp;1;;;;-1
Jamal Musiala,Germany,Germany 1-1 Paraguay,5.6,,Google rendered lineup rating scrape,Matched from Google display 'Jamal Musiala'. Source URL: https://www.google.com/search?q=Germany%20vs%20Paraguay%20FIFA%20World%20Cup%202026#sie=m;/g/11xl345l5b;2;/m/030q7;ln;fp;1;;;;-1
Joshua Kimmich,Germany,Germany 1-1 Paraguay,6.2,,Google rendered lineup rating scrape,Matched from Google display 'J. Kimmich'. Source URL: https://www.google.com/search?q=Germany%20vs%20Paraguay%20FIFA%20World%20Cup%202026#sie=m;/g/11xl345l5b;2;/m/030q7;ln;fp;1;;;;-1
Franck Kessie,Cote d'Ivoire,Germany 2-1 Cote d'Ivoire,6.2,,Google rendered lineup rating scrape,Matched from Google display 'F. Kessié'. Source URL: https://www.google.com/search?q=Germany%20vs%20Ivory%20Coast%20FIFA%20World%20Cup%202026#sie=m;/g/11yqs574pg;2;/m/030q7;ln;fp;1;;;;-1
Simon Adingra,Cote d'Ivoire,Germany 2-1 Cote d'Ivoire,5.3,,Google rendered lineup rating scrape,Matched from Google display 'Simon Adingra'. Source URL: https://www.google.com/search?q=Germany%20vs%20Ivory%20Coast%20FIFA%20World%20Cup%202026#sie=m;/g/11yqs574pg;2;/m/030q7;ln;fp;1;;;;-1
Florian Wirtz,Germany,Germany 2-1 Cote d'Ivoire,6.0,,Google rendered lineup rating scrape,Matched from Google display 'F. Wirtz'. Source URL: https://www.google.com/search?q=Germany%20vs%20Ivory%20Coast%20FIFA%20World%20Cup%202026#sie=m;/g/11yqs574pg;2;/m/030q7;ln;fp;1;;;;-1
Jamal Musiala,Germany,Germany 2-1 Cote d'Ivoire,5.3,,Google rendered lineup rating scrape,Matched from Google display 'J. Musiala'. Source URL: https://www.google.com/search?q=Germany%20vs%20Ivory%20Coast%20FIFA%20World%20Cup%202026#sie=m;/g/11yqs574pg;2;/m/030q7;ln;fp;1;;;;-1
Joshua Kimmich,Germany,Germany 2-1 Cote d'Ivoire,6.9,,Google rendered lineup rating scrape,Matched from Google display 'J. Kimmich'. Source URL: https://www.google.com/search?q=Germany%20vs%20Ivory%20Coast%20FIFA%20World%20Cup%202026#sie=m;/g/11yqs574pg;2;/m/030q7;ln;fp;1;;;;-1
Jose Fajardo,Panama,Ghana 1-0 Panama,5.2,,Google rendered lineup rating scrape,Matched from Google display 'José Fajardo'. Source URL: https://www.google.com/search?q=Ghana%20vs%20Panama%20FIFA%20World%20Cup%202026#sie=m;/g/11yr_372fs;2;/m/030q7;ln;fp;1;;;;-1
Michael Murillo,Panama,Ghana 1-0 Panama,6.0,,Google rendered lineup rating scrape,Matched from Google display 'M. Murillo'. Source URL: https://www.google.com/search?q=Ghana%20vs%20Panama%20FIFA%20World%20Cup%202026#sie=m;/g/11yr_372fs;2;/m/030q7;ln;fp;1;;;;-1
Andy Robertson,Scotland,Haiti 0-1 Scotland,5.3,,Google rendered lineup rating scrape,Matched from Google display 'A. Robertson'. Source URL: https://www.google.com/search?q=Haiti%20vs%20Scotland%20FIFA%20World%20Cup%202026#sie=m;/g/11yqrtbr7y;2;/m/030q7;ln;fp;1;;;;-1
John McGinn,Scotland,Haiti 0-1 Scotland,6.3,,Google rendered lineup rating scrape,Matched from Google display 'J. McGinn'. Source URL: https://www.google.com/search?q=Haiti%20vs%20Scotland%20FIFA%20World%20Cup%202026#sie=m;/g/11yqrtbr7y;2;/m/030q7;ln;fp;1;;;;-1
Scott McTominay,Scotland,Haiti 0-1 Scotland,5.1,,Google rendered lineup rating scrape,Matched from Google display 'S. McTominay'. Source URL: https://www.google.com/search?q=Haiti%20vs%20Scotland%20FIFA%20World%20Cup%202026#sie=m;/g/11yqrtbr7y;2;/m/030q7;ln;fp;1;;;;-1
Mehdi Taremi,Iran,Iran 2-2 New Zealand,6.2,,Google rendered lineup rating scrape,Matched from Google display 'M. Taremi'. Source URL: https://www.google.com/search?q=Iran%20vs%20New%20Zealand%20FIFA%20World%20Cup%202026#sie=m;/g/11yqs2tvmh;2;/m/030q7;ln;fp;1;;;;-1
Alexander Sorloth,Norway,Iraq 1-4 Norway,6.7,,Google rendered lineup rating scrape,Matched from Google display 'A. Sørloth'. Source URL: https://www.google.com/search?q=Iraq%20vs%20Norway%20FIFA%20World%20Cup%202026#sie=m;/g/11yqs5b8cc;2;/m/030q7;ln;fp;1;;;;-1
Erling Haaland,Norway,Iraq 1-4 Norway,8.8,,Google rendered lineup rating scrape,Matched from Google display 'E. Haaland'. Source URL: https://www.google.com/search?q=Iraq%20vs%20Norway%20FIFA%20World%20Cup%202026#sie=m;/g/11yqs5b8cc;2;/m/030q7;ln;fp;1;;;;-1
Martin Odegaard,Norway,Iraq 1-4 Norway,7.1,,Google rendered lineup rating scrape,Matched from Google display 'M. Ødegaard'. Source URL: https://www.google.com/search?q=Iraq%20vs%20Norway%20FIFA%20World%20Cup%202026#sie=m;/g/11yqs5b8cc;2;/m/030q7;ln;fp;1;;;;-1
Amine Gouiri,Algeria,Jordan 1-2 Algeria,6.9,,Google rendered lineup rating scrape,Matched from Google display 'A. Gouiri'. Source URL: https://www.google.com/search?q=Jordan%20vs%20Algeria%20FIFA%20World%20Cup%202026#sie=m;/g/11yrzsr_6b;2;/m/030q7;ln;fp;1;;;;-1
Riyad Mahrez,Algeria,Jordan 1-2 Algeria,6.2,,Google rendered lineup rating scrape,Matched from Google display 'R. Mahrez'. Source URL: https://www.google.com/search?q=Jordan%20vs%20Algeria%20FIFA%20World%20Cup%202026#sie=m;/g/11yrzsr_6b;2;/m/030q7;ln;fp;1;;;;-1
Julian Alvarez,Argentina,Jordan 1-3 Argentina,6.4,,Google rendered lineup rating scrape,Matched from Google display 'J. Alvarez'. Source URL: https://www.google.com/search?q=Jordan%20vs%20Argentina%20FIFA%20World%20Cup%202026#sie=m;/g/11yqrvfmbd;2;/m/030q7;ln;fp;1;;;;-1
Lautaro Martinez,Argentina,Jordan 1-3 Argentina,8.0,,Google rendered lineup rating scrape,Matched from Google display 'L. Martínez'. Source URL: https://www.google.com/search?q=Jordan%20vs%20Argentina%20FIFA%20World%20Cup%202026#sie=m;/g/11yqrvfmbd;2;/m/030q7;ln;fp;1;;;;-1
Lionel Messi,Argentina,Jordan 1-3 Argentina,7.5,,Google rendered lineup rating scrape,Matched from Google display 'Lionel Messi'. Source URL: https://www.google.com/search?q=Jordan%20vs%20Argentina%20FIFA%20World%20Cup%202026#sie=m;/g/11yqrvfmbd;2;/m/030q7;ln;fp;1;;;;-1
Adam Hlozek,Czechia,Korea Republic 2-1 Czechia,5.4,,Google rendered lineup rating scrape,Matched from Google display 'Adam Hložek'. Source URL: https://www.google.com/search?q=South%20Korea%20vs%20Czechia%20FIFA%20World%20Cup%202026#sie=m;/g/11yqrsh6fb;2;/m/030q7;ln;fp;1;;;;-1
Patrik Schick,Czechia,Korea Republic 2-1 Czechia,5.4,,Google rendered lineup rating scrape,Matched from Google display 'P. Schick'. Source URL: https://www.google.com/search?q=South%20Korea%20vs%20Czechia%20FIFA%20World%20Cup%202026#sie=m;/g/11yqrsh6fb;2;/m/030q7;ln;fp;1;;;;-1
Tomas Soucek,Czechia,Korea Republic 2-1 Czechia,5.0,,Google rendered lineup rating scrape,Matched from Google display 'T. Souček'. Source URL: https://www.google.com/search?q=South%20Korea%20vs%20Czechia%20FIFA%20World%20Cup%202026#sie=m;/g/11yqrsh6fb;2;/m/030q7;ln;fp;1;;;;-1
Edson Alvarez,Mexico,Mexico 1-0 Korea Republic,6.2,,Google rendered lineup rating scrape,Matched from Google display 'E. Álvarez'. Source URL: https://www.google.com/search?q=Mexico%20vs%20South%20Korea%20FIFA%20World%20Cup%202026#sie=m;/g/11ms2jpv9s;2;/m/030q7;ln;fp;1;;;;-1
Santiago Gimenez,Mexico,Mexico 1-0 Korea Republic,5.5,,Google rendered lineup rating scrape,Matched from Google display 'Santiago Giménez'. Source URL: https://www.google.com/search?q=Mexico%20vs%20South%20Korea%20FIFA%20World%20Cup%202026#sie=m;/g/11ms2jpv9s;2;/m/030q7;ln;fp;1;;;;-1
Moises Caicedo,Ecuador,Mexico 2-0 Ecuador,6.2,,Google rendered lineup rating scrape,Matched from Google display 'M. Caicedo'. Source URL: https://www.google.com/search?q=Ecuador%20vs%20Mexico%20FIFA%20World%20Cup%202026#sie=m;/g/11xl3btx74;2;/m/030q7;ln;fp;1;;;;-1
Piero Hincapie,Ecuador,Mexico 2-0 Ecuador,6.1,,Google rendered lineup rating scrape,Matched from Google display 'P. Hincapié'. Source URL: https://www.google.com/search?q=Ecuador%20vs%20Mexico%20FIFA%20World%20Cup%202026#sie=m;/g/11xl3btx74;2;/m/030q7;ln;fp;1;;;;-1
Willian Pacho,Ecuador,Mexico 2-0 Ecuador,6.4,,Google rendered lineup rating scrape,Matched from Google display 'W. Pacho'. Source URL: https://www.google.com/search?q=Ecuador%20vs%20Mexico%20FIFA%20World%20Cup%202026#sie=m;/g/11xl3btx74;2;/m/030q7;ln;fp;1;;;;-1
Santiago Gimenez,Mexico,Mexico 2-0 Ecuador,6.1,,Google rendered lineup rating scrape,Matched from Google display 'Santiago Giménez'. Source URL: https://www.google.com/search?q=Ecuador%20vs%20Mexico%20FIFA%20World%20Cup%202026#sie=m;/g/11xl3btx74;2;/m/030q7;ln;fp;1;;;;-1
Adam Hlozek,Czechia,Mexico 3-0 Czechia,6.0,,Google rendered lineup rating scrape,Matched from Google display 'A. Hložek'. Source URL: https://www.google.com/search?q=Mexico%20vs%20Czechia%20FIFA%20World%20Cup%202026#sie=m;/g/11yqrv2qj5;2;/m/030q7;ln;fp;1;;;;-1
Patrik Schick,Czechia,Mexico 3-0 Czechia,5.6,,Google rendered lineup rating scrape,Matched from Google display 'Patrik Schick'. Source URL: https://www.google.com/search?q=Mexico%20vs%20Czechia%20FIFA%20World%20Cup%202026#sie=m;/g/11yqrv2qj5;2;/m/030q7;ln;fp;1;;;;-1
Tomas Soucek,Czechia,Mexico 3-0 Czechia,5.3,,Google rendered lineup rating scrape,Matched from Google display 'Tomáš Souček'. Source URL: https://www.google.com/search?q=Mexico%20vs%20Czechia%20FIFA%20World%20Cup%202026#sie=m;/g/11yqrv2qj5;2;/m/030q7;ln;fp;1;;;;-1
Edson Alvarez,Mexico,Mexico 3-0 Czechia,6.4,,Google rendered lineup rating scrape,Matched from Google display 'E. Álvarez'. Source URL: https://www.google.com/search?q=Mexico%20vs%20Czechia%20FIFA%20World%20Cup%202026#sie=m;/g/11yqrv2qj5;2;/m/030q7;ln;fp;1;;;;-1
Santiago Gimenez,Mexico,Mexico 3-0 Czechia,6.4,,Google rendered lineup rating scrape,Matched from Google display 'Santiago Giménez'. Source URL: https://www.google.com/search?q=Mexico%20vs%20Czechia%20FIFA%20World%20Cup%202026#sie=m;/g/11yqrv2qj5;2;/m/030q7;ln;fp;1;;;;-1
Achraf Hakimi,Morocco,Morocco 1-0 Scotland,5.5,,Google rendered lineup rating scrape,Matched from Google display 'A. Hakimi'. Source URL: https://www.google.com/search?q=Morocco%20vs%20Scotland%20FIFA%20World%20Cup%202026#sie=m;/g/11yr_3zwc3;2;/m/030q7;ln;fp;1;;;;-1
Brahim Diaz,Morocco,Morocco 1-0 Scotland,5.4,,Google rendered lineup rating scrape,Matched from Google display 'B. Díaz'. Source URL: https://www.google.com/search?q=Morocco%20vs%20Scotland%20FIFA%20World%20Cup%202026#sie=m;/g/11yr_3zwc3;2;/m/030q7;ln;fp;1;;;;-1
Yassine Bounou,Morocco,Morocco 1-0 Scotland,5.9,,Google rendered lineup rating scrape,Matched from Google display 'Y. Bounou'. Source URL: https://www.google.com/search?q=Morocco%20vs%20Scotland%20FIFA%20World%20Cup%202026#sie=m;/g/11yr_3zwc3;2;/m/030q7;ln;fp;1;;;;-1
Andy Robertson,Scotland,Morocco 1-0 Scotland,5.6,,Google rendered lineup rating scrape,Matched from Google display 'A. Robertson'. Source URL: https://www.google.com/search?q=Morocco%20vs%20Scotland%20FIFA%20World%20Cup%202026#sie=m;/g/11yr_3zwc3;2;/m/030q7;ln;fp;1;;;;-1
John McGinn,Scotland,Morocco 1-0 Scotland,4.5,,Google rendered lineup rating scrape,Matched from Google display 'J. McGinn'. Source URL: https://www.google.com/search?q=Morocco%20vs%20Scotland%20FIFA%20World%20Cup%202026#sie=m;/g/11yr_3zwc3;2;/m/030q7;ln;fp;1;;;;-1
Scott McTominay,Scotland,Morocco 1-0 Scotland,4.6,,Google rendered lineup rating scrape,Matched from Google display 'S. McTominay'. Source URL: https://www.google.com/search?q=Morocco%20vs%20Scotland%20FIFA%20World%20Cup%202026#sie=m;/g/11yr_3zwc3;2;/m/030q7;ln;fp;1;;;;-1
Achraf Hakimi,Morocco,Morocco 4-2 Haiti,8.6,,Google rendered lineup rating scrape,Matched from Google display 'A. Hakimi'. Source URL: https://www.google.com/search?q=Morocco%20vs%20Haiti%20FIFA%20World%20Cup%202026#sie=m;/g/11yqs4v3dg;2;/m/030q7;ln;fp;1;;;;-1
Brahim Diaz,Morocco,Morocco 4-2 Haiti,7.1,,Google rendered lineup rating scrape,Matched from Google display 'B. Díaz'. Source URL: https://www.google.com/search?q=Morocco%20vs%20Haiti%20FIFA%20World%20Cup%202026#sie=m;/g/11yqs4v3dg;2;/m/030q7;ln;fp;1;;;;-1
Yassine Bounou,Morocco,Morocco 4-2 Haiti,5.2,,Google rendered lineup rating scrape,Matched from Google display 'Y. Bounou'. Source URL: https://www.google.com/search?q=Morocco%20vs%20Haiti%20FIFA%20World%20Cup%202026#sie=m;/g/11yqs4v3dg;2;/m/030q7;ln;fp;1;;;;-1
Achraf Hakimi,Morocco,Netherlands 1-1 Morocco,6.7,,Google rendered lineup rating scrape,Matched from Google display 'A. Hakimi'. Source URL: https://www.google.com/search?q=Netherlands%20vs%20Morocco%20FIFA%20World%20Cup%202026#sie=m;/g/11xl30sqz6;2;/m/030q7;ln;fp;1;;;;-1
Brahim Diaz,Morocco,Netherlands 1-1 Morocco,5.8,,Google rendered lineup rating scrape,Matched from Google display 'B. Díaz'. Source URL: https://www.google.com/search?q=Netherlands%20vs%20Morocco%20FIFA%20World%20Cup%202026#sie=m;/g/11xl30sqz6;2;/m/030q7;ln;fp;1;;;;-1
Yassine Bounou,Morocco,Netherlands 1-1 Morocco,5.3,,Google rendered lineup rating scrape,Matched from Google display 'Y. Bounou'. Source URL: https://www.google.com/search?q=Netherlands%20vs%20Morocco%20FIFA%20World%20Cup%202026#sie=m;/g/11xl30sqz6;2;/m/030q7;ln;fp;1;;;;-1
Cody Gakpo,Netherlands,Netherlands 1-1 Morocco,6.7,,Google rendered lineup rating scrape,Matched from Google display 'C. Gakpo'. Source URL: https://www.google.com/search?q=Netherlands%20vs%20Morocco%20FIFA%20World%20Cup%202026#sie=m;/g/11xl30sqz6;2;/m/030q7;ln;fp;1;;;;-1
Virgil van Dijk,Netherlands,Netherlands 1-1 Morocco,6.5,,Google rendered lineup rating scrape,Matched from Google display 'V. van Dijk'. Source URL: https://www.google.com/search?q=Netherlands%20vs%20Morocco%20FIFA%20World%20Cup%202026#sie=m;/g/11xl30sqz6;2;/m/030q7;ln;fp;1;;;;-1
Cody Gakpo,Netherlands,Netherlands 3-1 Tunisia,5.8,,Google rendered lineup rating scrape,Matched from Google display 'C. Gakpo'. Source URL: https://www.google.com/search?q=Netherlands%20vs%20Tunisia%20FIFA%20World%20Cup%202026#sie=m;/g/11ms2jvy8d;2;/m/030q7;ln;fp;1;;;;-1
Virgil van Dijk,Netherlands,Netherlands 3-1 Tunisia,6.7,,Google rendered lineup rating scrape,Matched from Google display 'V. van Dijk'. Source URL: https://www.google.com/search?q=Netherlands%20vs%20Tunisia%20FIFA%20World%20Cup%202026#sie=m;/g/11ms2jvy8d;2;/m/030q7;ln;fp;1;;;;-1
Cody Gakpo,Netherlands,Netherlands 5-1 Sweden,8.8,,Google rendered lineup rating scrape,Matched from Google display 'C. Gakpo'. Source URL: https://www.google.com/search?q=Netherlands%20vs%20Sweden%20FIFA%20World%20Cup%202026#sie=m;/g/11yr_3_bq_;2;/m/030q7;ln;fp;1;;;;-1
Virgil van Dijk,Netherlands,Netherlands 5-1 Sweden,6.8,,Google rendered lineup rating scrape,Matched from Google display 'V. van Dijk'. Source URL: https://www.google.com/search?q=Netherlands%20vs%20Sweden%20FIFA%20World%20Cup%202026#sie=m;/g/11yr_3_bq_;2;/m/030q7;ln;fp;1;;;;-1
Mohamed Salah,Egypt,New Zealand 1-3 Egypt,7.8,,Google rendered lineup rating scrape,Matched from Google display 'M. Salah'. Source URL: https://www.google.com/search?q=New%20Zealand%20vs%20Egypt%20FIFA%20World%20Cup%202026#sie=m;/g/11ms2k07bc;2;/m/030q7;ln;fp;1;;;;-1
Omar Marmoush,Egypt,New Zealand 1-3 Egypt,6.4,,Google rendered lineup rating scrape,Matched from Google display 'O. Marmoush'. Source URL: https://www.google.com/search?q=New%20Zealand%20vs%20Egypt%20FIFA%20World%20Cup%202026#sie=m;/g/11ms2k07bc;2;/m/030q7;ln;fp;1;;;;-1
Alexander Sorloth,Norway,Norway 3-2 Senegal,5.8,,Google rendered lineup rating scrape,Matched from Google display 'A. Sørloth'. Source URL: https://www.google.com/search?q=Norway%20vs%20Senegal%20FIFA%20World%20Cup%202026#sie=m;/g/11ms2k782_;2;/m/030q7;ln;fp;1;;;;-1
Erling Haaland,Norway,Norway 3-2 Senegal,8.0,,Google rendered lineup rating scrape,Matched from Google display 'E. Haaland'. Source URL: https://www.google.com/search?q=Norway%20vs%20Senegal%20FIFA%20World%20Cup%202026#sie=m;/g/11ms2k782_;2;/m/030q7;ln;fp;1;;;;-1
Martin Odegaard,Norway,Norway 3-2 Senegal,6.3,,Google rendered lineup rating scrape,Matched from Google display 'M. Ødegaard'. Source URL: https://www.google.com/search?q=Norway%20vs%20Senegal%20FIFA%20World%20Cup%202026#sie=m;/g/11ms2k782_;2;/m/030q7;ln;fp;1;;;;-1
Kalidou Koulibaly,Senegal,Norway 3-2 Senegal,5.2,,Google rendered lineup rating scrape,Matched from Google display 'K. Koulibaly'. Source URL: https://www.google.com/search?q=Norway%20vs%20Senegal%20FIFA%20World%20Cup%202026#sie=m;/g/11ms2k782_;2;/m/030q7;ln;fp;1;;;;-1
Nicolas Jackson,Senegal,Norway 3-2 Senegal,6.0,,Google rendered lineup rating scrape,Matched from Google display 'N. Jackson'. Source URL: https://www.google.com/search?q=Norway%20vs%20Senegal%20FIFA%20World%20Cup%202026#sie=m;/g/11ms2k782_;2;/m/030q7;ln;fp;1;;;;-1
Sadio Mane,Senegal,Norway 3-2 Senegal,6.7,,Google rendered lineup rating scrape,Matched from Google display 'S. Mané'. Source URL: https://www.google.com/search?q=Norway%20vs%20Senegal%20FIFA%20World%20Cup%202026#sie=m;/g/11ms2k782_;2;/m/030q7;ln;fp;1;;;;-1
Josko Gvardiol,Croatia,Panama 0-1 Croatia,4.7,,Google rendered lineup rating scrape,Matched from Google display 'J. Gvardiol'. Source URL: https://www.google.com/search?q=Panama%20vs%20Croatia%20FIFA%20World%20Cup%202026#sie=m;/g/11yqs58ngw;2;/m/030q7;ln;fp;1;;;;-1
Luka Modric,Croatia,Panama 0-1 Croatia,5.2,,Google rendered lineup rating scrape,Matched from Google display 'L. Modrić'. Source URL: https://www.google.com/search?q=Panama%20vs%20Croatia%20FIFA%20World%20Cup%202026#sie=m;/g/11yqs58ngw;2;/m/030q7;ln;fp;1;;;;-1
Mateo Kovacic,Croatia,Panama 0-1 Croatia,5.0,,Google rendered lineup rating scrape,Matched from Google display 'M. Kovačić'. Source URL: https://www.google.com/search?q=Panama%20vs%20Croatia%20FIFA%20World%20Cup%202026#sie=m;/g/11yqs58ngw;2;/m/030q7;ln;fp;1;;;;-1
Jose Fajardo,Panama,Panama 0-1 Croatia,5.2,,Google rendered lineup rating scrape,Matched from Google display 'J. Fajardo'. Source URL: https://www.google.com/search?q=Panama%20vs%20Croatia%20FIFA%20World%20Cup%202026#sie=m;/g/11yqs58ngw;2;/m/030q7;ln;fp;1;;;;-1
Michael Murillo,Panama,Panama 0-1 Croatia,5.2,,Google rendered lineup rating scrape,Matched from Google display 'M. Murillo'. Source URL: https://www.google.com/search?q=Panama%20vs%20Croatia%20FIFA%20World%20Cup%202026#sie=m;/g/11yqs58ngw;2;/m/030q7;ln;fp;1;;;;-1
Bukayo Saka,England,Panama 0-2 England,5.9,,Google rendered lineup rating scrape,Matched from Google display 'B. Saka'. Source URL: https://www.google.com/search?q=Panama%20vs%20England%20FIFA%20World%20Cup%202026#sie=m;/g/11ms2jvy8f;2;/m/030q7;ln;fp;1;;;;-1
Harry Kane,England,Panama 0-2 England,7.0,,Google rendered lineup rating scrape,Matched from Google display 'H. Kane'. Source URL: https://www.google.com/search?q=Panama%20vs%20England%20FIFA%20World%20Cup%202026#sie=m;/g/11ms2jvy8f;2;/m/030q7;ln;fp;1;;;;-1
Jude Bellingham,England,Panama 0-2 England,8.8,,Google rendered lineup rating scrape,Matched from Google display 'J. Bellingham'. Source URL: https://www.google.com/search?q=Panama%20vs%20England%20FIFA%20World%20Cup%202026#sie=m;/g/11ms2jvy8f;2;/m/030q7;ln;fp;1;;;;-1
Jose Fajardo,Panama,Panama 0-2 England,4.7,,Google rendered lineup rating scrape,Matched from Google display 'José Fajardo'. Source URL: https://www.google.com/search?q=Panama%20vs%20England%20FIFA%20World%20Cup%202026#sie=m;/g/11ms2jvy8f;2;/m/030q7;ln;fp;1;;;;-1
Michael Murillo,Panama,Panama 0-2 England,4.6,,Google rendered lineup rating scrape,Matched from Google display 'M. Murillo'. Source URL: https://www.google.com/search?q=Panama%20vs%20England%20FIFA%20World%20Cup%202026#sie=m;/g/11ms2jvy8f;2;/m/030q7;ln;fp;1;;;;-1
Harry Souttar,Australia,Paraguay 0-0 Australia,6.1,,Google rendered lineup rating scrape,Matched from Google display 'H. Souttar'. Source URL: https://www.google.com/search?q=Paraguay%20vs%20Australia%20FIFA%20World%20Cup%202026#sie=m;/g/11yrzqlxbb;2;/m/030q7;ln;fp;1;;;;-1
Jackson Irvine,Australia,Paraguay 0-0 Australia,5.4,,Google rendered lineup rating scrape,Matched from Google display 'J. Irvine'. Source URL: https://www.google.com/search?q=Paraguay%20vs%20Australia%20FIFA%20World%20Cup%202026#sie=m;/g/11yrzqlxbb;2;/m/030q7;ln;fp;1;;;;-1
Arda Guler,Turkiye,Paraguay 1-0 Turkiye,6.1,,Google rendered lineup rating scrape,Matched from Google display 'A. Güler'. Source URL: https://www.google.com/search?q=Paraguay%20vs%20Turkey%20FIFA%20World%20Cup%202026#sie=m;/g/11ms2kbtwb;2;/m/030q7;ln;fp;1;;;;-1
Hakan Calhanoglu,Turkiye,Paraguay 1-0 Turkiye,6.6,,Google rendered lineup rating scrape,Matched from Google display 'H. Çalhanoğlu'. Source URL: https://www.google.com/search?q=Paraguay%20vs%20Turkey%20FIFA%20World%20Cup%202026#sie=m;/g/11ms2kbtwb;2;/m/030q7;ln;fp;1;;;;-1
Bruno Fernandes,Portugal,Portugal 1-1 DR Congo,6.3,,Google rendered lineup rating scrape,Matched from Google display 'B. Fernandes'. Source URL: https://www.google.com/search?q=Portugal%20vs%20DR%20Congo%20FIFA%20World%20Cup%202026#sie=m;/g/11yrzr0xlp;2;/m/030q7;ln;fp;1;;;;-1
Cristiano Ronaldo,Portugal,Portugal 1-1 DR Congo,5.6,,Google rendered lineup rating scrape,Matched from Google display 'C. Ronaldo'. Source URL: https://www.google.com/search?q=Portugal%20vs%20DR%20Congo%20FIFA%20World%20Cup%202026#sie=m;/g/11yrzr0xlp;2;/m/030q7;ln;fp;1;;;;-1
Rafael Leao,Portugal,Portugal 1-1 DR Congo,5.8,,Google rendered lineup rating scrape,Matched from Google display 'Rafael Leão'. Source URL: https://www.google.com/search?q=Portugal%20vs%20DR%20Congo%20FIFA%20World%20Cup%202026#sie=m;/g/11yrzr0xlp;2;/m/030q7;ln;fp;1;;;;-1
Bruno Fernandes,Portugal,Portugal 5-0 Uzbekistan,6.8,,Google rendered lineup rating scrape,Matched from Google display 'B. Fernandes'. Source URL: https://www.google.com/search?q=Portugal%20vs%20Uzbekistan%20FIFA%20World%20Cup%202026#sie=m;/g/11ms2jy5vx;2;/m/030q7;ln;fp;1;;;;-1
Cristiano Ronaldo,Portugal,Portugal 5-0 Uzbekistan,9.3,,Google rendered lineup rating scrape,Matched from Google display 'C. Ronaldo'. Source URL: https://www.google.com/search?q=Portugal%20vs%20Uzbekistan%20FIFA%20World%20Cup%202026#sie=m;/g/11ms2jy5vx;2;/m/030q7;ln;fp;1;;;;-1
Rafael Leao,Portugal,Portugal 5-0 Uzbekistan,7.9,,Google rendered lineup rating scrape,Matched from Google display 'Rafael Leão'. Source URL: https://www.google.com/search?q=Portugal%20vs%20Uzbekistan%20FIFA%20World%20Cup%202026#sie=m;/g/11ms2jy5vx;2;/m/030q7;ln;fp;1;;;;-1
Breel Embolo,Switzerland,Qatar 1-1 Switzerland,6.9,,Google rendered lineup rating scrape,Matched from Google display 'B. Embolo'. Source URL: https://www.google.com/search?q=Qatar%20vs%20Switzerland%20FIFA%20World%20Cup%202026#sie=m;/g/11ms2k4g16;2;/m/030q7;ln;fp;1;;;;-1
Granit Xhaka,Switzerland,Qatar 1-1 Switzerland,5.8,,Google rendered lineup rating scrape,Matched from Google display 'G. Xhaka'. Source URL: https://www.google.com/search?q=Qatar%20vs%20Switzerland%20FIFA%20World%20Cup%202026#sie=m;/g/11ms2k4g16;2;/m/030q7;ln;fp;1;;;;-1
Manuel Akanji,Switzerland,Qatar 1-1 Switzerland,6.6,,Google rendered lineup rating scrape,Matched from Google display 'M. Akanji'. Source URL: https://www.google.com/search?q=Qatar%20vs%20Switzerland%20FIFA%20World%20Cup%202026#sie=m;/g/11ms2k4g16;2;/m/030q7;ln;fp;1;;;;-1
Darwin Nunez,Uruguay,Saudi Arabia 1-1 Uruguay,5.6,,Google rendered lineup rating scrape,Matched from Google display 'D. Núñez'. Source URL: https://www.google.com/search?q=Saudi%20Arabia%20vs%20Uruguay%20FIFA%20World%20Cup%202026#sie=m;/g/11yr_3zpyv;2;/m/030q7;ln;fp;1;;;;-1
Federico Valverde,Uruguay,Saudi Arabia 1-1 Uruguay,4.9,,Google rendered lineup rating scrape,Matched from Google display 'F. Valverde'. Source URL: https://www.google.com/search?q=Saudi%20Arabia%20vs%20Uruguay%20FIFA%20World%20Cup%202026#sie=m;/g/11yr_3zpyv;2;/m/030q7;ln;fp;1;;;;-1
Alphonso Davies,Canada,South Africa 0-1 Canada,4.5,,Google rendered lineup rating scrape,Matched from Google display 'Alphonso Davies'. Source URL: https://www.google.com/search?q=South%20Africa%20vs%20Canada%20FIFA%20World%20Cup%202026#sie=m;/g/11xmtbzv5g;2;/m/030q7;ln;fp;1;;;;-1
Jonathan David,Canada,South Africa 0-1 Canada,5.0,,Google rendered lineup rating scrape,Matched from Google display 'J. David'. Source URL: https://www.google.com/search?q=South%20Africa%20vs%20Canada%20FIFA%20World%20Cup%202026#sie=m;/g/11xmtbzv5g;2;/m/030q7;ln;fp;1;;;;-1
Tajon Buchanan,Canada,South Africa 0-1 Canada,5.8,,Google rendered lineup rating scrape,Matched from Google display 'T. Buchanan'. Source URL: https://www.google.com/search?q=South%20Africa%20vs%20Canada%20FIFA%20World%20Cup%202026#sie=m;/g/11xmtbzv5g;2;/m/030q7;ln;fp;1;;;;-1
Son Heung-min,Korea Republic,South Africa 1-0 Korea Republic,5.3,,Google rendered lineup rating scrape,Matched from Google display 'Son Heung-min'. Source URL: https://www.google.com/search?q=South%20Africa%20vs%20South%20Korea%20FIFA%20World%20Cup%202026#sie=m;/g/11ms2jpv9r;2;/m/030q7;ln;fp;1;;;;-1
Lamine Yamal,Spain,Spain 0-0 Cabo Verde,5.2,,Google rendered lineup rating scrape,Matched from Google display 'Lamine Yamal'. Source URL: https://www.google.com/search?q=Spain%20vs%20Cape%20Verde%20FIFA%20World%20Cup%202026#sie=m;/g/11yqs4cr1z;2;/m/030q7;ln;fp;1;;;;-1
Pedri,Spain,Spain 0-0 Cabo Verde,7.3,,Google rendered lineup rating scrape,Matched from Google display 'Pedri'. Source URL: https://www.google.com/search?q=Spain%20vs%20Cape%20Verde%20FIFA%20World%20Cup%202026#sie=m;/g/11yqs4cr1z;2;/m/030q7;ln;fp;1;;;;-1
Rodri,Spain,Spain 0-0 Cabo Verde,6.4,,Google rendered lineup rating scrape,Matched from Google display 'Rodri'. Source URL: https://www.google.com/search?q=Spain%20vs%20Cape%20Verde%20FIFA%20World%20Cup%202026#sie=m;/g/11yqs4cr1z;2;/m/030q7;ln;fp;1;;;;-1
Lamine Yamal,Spain,Spain 1-0 Uruguay,5.0,,Google rendered lineup rating scrape,Matched from Google display 'L. Yamal'. Source URL: https://www.google.com/search?q=Spain%20vs%20Uruguay%20FIFA%20World%20Cup%202026#sie=m;/g/11yr_37f3c;2;/m/030q7;ln;fp;1;;;;-1
Pedri,Spain,Spain 1-0 Uruguay,5.9,,Google rendered lineup rating scrape,Matched from Google display 'Pedri'. Source URL: https://www.google.com/search?q=Spain%20vs%20Uruguay%20FIFA%20World%20Cup%202026#sie=m;/g/11yr_37f3c;2;/m/030q7;ln;fp;1;;;;-1
Rodri,Spain,Spain 1-0 Uruguay,5.9,,Google rendered lineup rating scrape,Matched from Google display 'Rodri'. Source URL: https://www.google.com/search?q=Spain%20vs%20Uruguay%20FIFA%20World%20Cup%202026#sie=m;/g/11yr_37f3c;2;/m/030q7;ln;fp;1;;;;-1
Darwin Nunez,Uruguay,Spain 1-0 Uruguay,5.2,,Google rendered lineup rating scrape,Matched from Google display 'D. Núñez'. Source URL: https://www.google.com/search?q=Spain%20vs%20Uruguay%20FIFA%20World%20Cup%202026#sie=m;/g/11yr_37f3c;2;/m/030q7;ln;fp;1;;;;-1
Federico Valverde,Uruguay,Spain 1-0 Uruguay,5.1,,Google rendered lineup rating scrape,Matched from Google display 'F. Valverde'. Source URL: https://www.google.com/search?q=Spain%20vs%20Uruguay%20FIFA%20World%20Cup%202026#sie=m;/g/11yr_37f3c;2;/m/030q7;ln;fp;1;;;;-1
Lamine Yamal,Spain,Spain 4-0 Saudi Arabia,7.9,,Google rendered lineup rating scrape,Matched from Google display 'L. Yamal'. Source URL: https://www.google.com/search?q=Spain%20vs%20Saudi%20Arabia%20FIFA%20World%20Cup%202026#sie=m;/g/11yqrtbr81;2;/m/030q7;ln;fp;1;;;;-1
Pedri,Spain,Spain 4-0 Saudi Arabia,7.4,,Google rendered lineup rating scrape,Matched from Google display 'Pedri'. Source URL: https://www.google.com/search?q=Spain%20vs%20Saudi%20Arabia%20FIFA%20World%20Cup%202026#sie=m;/g/11yqrtbr81;2;/m/030q7;ln;fp;1;;;;-1
Rodri,Spain,Spain 4-0 Saudi Arabia,7.5,,Google rendered lineup rating scrape,Matched from Google display 'Rodri'. Source URL: https://www.google.com/search?q=Spain%20vs%20Saudi%20Arabia%20FIFA%20World%20Cup%202026#sie=m;/g/11yqrtbr81;2;/m/030q7;ln;fp;1;;;;-1
Jonathan David,Canada,Switzerland 2-1 Canada,5.1,,Google rendered lineup rating scrape,Matched from Google display 'J. David'. Source URL: https://www.google.com/search?q=Switzerland%20vs%20Canada%20FIFA%20World%20Cup%202026#sie=m;/g/11yqrszhsw;2;/m/030q7;ln;fp;1;;;;-1
Tajon Buchanan,Canada,Switzerland 2-1 Canada,5.7,,Google rendered lineup rating scrape,Matched from Google display 'T. Buchanan'. Source URL: https://www.google.com/search?q=Switzerland%20vs%20Canada%20FIFA%20World%20Cup%202026#sie=m;/g/11yqrszhsw;2;/m/030q7;ln;fp;1;;;;-1
Breel Embolo,Switzerland,Switzerland 2-1 Canada,6.4,,Google rendered lineup rating scrape,Matched from Google display 'B. Embolo'. Source URL: https://www.google.com/search?q=Switzerland%20vs%20Canada%20FIFA%20World%20Cup%202026#sie=m;/g/11yqrszhsw;2;/m/030q7;ln;fp;1;;;;-1
Granit Xhaka,Switzerland,Switzerland 2-1 Canada,5.6,,Google rendered lineup rating scrape,Matched from Google display 'G. Xhaka'. Source URL: https://www.google.com/search?q=Switzerland%20vs%20Canada%20FIFA%20World%20Cup%202026#sie=m;/g/11yqrszhsw;2;/m/030q7;ln;fp;1;;;;-1
Manuel Akanji,Switzerland,Switzerland 2-1 Canada,7.1,,Google rendered lineup rating scrape,Matched from Google display 'M. Akanji'. Source URL: https://www.google.com/search?q=Switzerland%20vs%20Canada%20FIFA%20World%20Cup%202026#sie=m;/g/11yqrszhsw;2;/m/030q7;ln;fp;1;;;;-1
Arda Guler,Turkiye,Turkiye 3-2 USA,7.4,,Google rendered lineup rating scrape,Matched from Google display 'A. Güler'. Source URL: https://www.google.com/search?q=Turkey%20vs%20United%20States%20FIFA%20World%20Cup%202026#sie=m;/g/11yqs5348y;2;/m/030q7;ln;fp;1;;;;-1
Christian Pulisic,USA,Turkiye 3-2 USA,6.5,,Google rendered lineup rating scrape,Matched from Google display 'Christian Pulisic'. Source URL: https://www.google.com/search?q=Turkey%20vs%20United%20States%20FIFA%20World%20Cup%202026#sie=m;/g/11yqs5348y;2;/m/030q7;ln;fp;1;;;;-1
Weston McKennie,USA,Turkiye 3-2 USA,6.0,,Google rendered lineup rating scrape,Matched from Google display 'W. McKennie'. Source URL: https://www.google.com/search?q=Turkey%20vs%20United%20States%20FIFA%20World%20Cup%202026#sie=m;/g/11yqs5348y;2;/m/030q7;ln;fp;1;;;;-1
Harry Souttar,Australia,USA 2-0 Australia,5.5,,Google rendered lineup rating scrape,Matched from Google display 'H. Souttar'. Source URL: https://www.google.com/search?q=United%20States%20vs%20Australia%20FIFA%20World%20Cup%202026#sie=m;/g/11yqs4wg2n;2;/m/030q7;ln;fp;1;;;;-1
Jackson Irvine,Australia,USA 2-0 Australia,5.7,,Google rendered lineup rating scrape,Matched from Google display 'Jackson Irvine'. Source URL: https://www.google.com/search?q=United%20States%20vs%20Australia%20FIFA%20World%20Cup%202026#sie=m;/g/11yqs4wg2n;2;/m/030q7;ln;fp;1;;;;-1
Antonee Robinson,USA,USA 2-0 Australia,6.4,,Google rendered lineup rating scrape,Matched from Google display 'A. Robinson'. Source URL: https://www.google.com/search?q=United%20States%20vs%20Australia%20FIFA%20World%20Cup%202026#sie=m;/g/11yqs4wg2n;2;/m/030q7;ln;fp;1;;;;-1
Weston McKennie,USA,USA 2-0 Australia,6.2,,Google rendered lineup rating scrape,Matched from Google display 'W. McKennie'. Source URL: https://www.google.com/search?q=United%20States%20vs%20Australia%20FIFA%20World%20Cup%202026#sie=m;/g/11yqs4wg2n;2;/m/030q7;ln;fp;1;;;;-1
Antonee Robinson,USA,USA 2-0 Bosnia and Herzegovina,7.0,,Google rendered lineup rating scrape,Matched from Google display 'A. Robinson'. Source URL: https://www.google.com/search?q=United%20States%20vs%20Bosnia%20Herzegovina%20FIFA%20World%20Cup%202026#sie=m;/g/11xmtny36c;2;/m/030q7;ln;fp;1;;;;-1
Christian Pulisic,USA,USA 2-0 Bosnia and Herzegovina,6.4,,Google rendered lineup rating scrape,Matched from Google display 'C. Pulisic'. Source URL: https://www.google.com/search?q=United%20States%20vs%20Bosnia%20Herzegovina%20FIFA%20World%20Cup%202026#sie=m;/g/11xmtny36c;2;/m/030q7;ln;fp;1;;;;-1
Weston McKennie,USA,USA 2-0 Bosnia and Herzegovina,6.8,,Google rendered lineup rating scrape,Matched from Google display 'W. McKennie'. Source URL: https://www.google.com/search?q=United%20States%20vs%20Bosnia%20Herzegovina%20FIFA%20World%20Cup%202026#sie=m;/g/11xmtny36c;2;/m/030q7;ln;fp;1;;;;-1
Antonee Robinson,USA,USA 4-1 Paraguay,6.9,,Google rendered lineup rating scrape,Matched from Google display 'A. Robinson'. Source URL: https://www.google.com/search?q=United%20States%20vs%20Paraguay%20FIFA%20World%20Cup%202026#sie=m;/g/11yr_3hbs7;2;/m/030q7;ln;fp;1;;;;-1
Christian Pulisic,USA,USA 4-1 Paraguay,7.4,,Google rendered lineup rating scrape,Matched from Google display 'C. Pulisic'. Source URL: https://www.google.com/search?q=United%20States%20vs%20Paraguay%20FIFA%20World%20Cup%202026#sie=m;/g/11yr_3hbs7;2;/m/030q7;ln;fp;1;;;;-1
Weston McKennie,USA,USA 4-1 Paraguay,6.8,,Google rendered lineup rating scrape,Matched from Google display 'W. McKennie'. Source URL: https://www.google.com/search?q=United%20States%20vs%20Paraguay%20FIFA%20World%20Cup%202026#sie=m;/g/11yr_3hbs7;2;/m/030q7;ln;fp;1;;;;-1
Darwin Nunez,Uruguay,Uruguay 2-2 Cabo Verde,6.7,,Google rendered lineup rating scrape,Matched from Google display 'Darwin Núñez'. Source URL: https://www.google.com/search?q=Uruguay%20vs%20Cape%20Verde%20FIFA%20World%20Cup%202026#sie=m;/g/11ms2jsh32;2;/m/030q7;ln;fp;1;;;;-1
Federico Valverde,Uruguay,Uruguay 2-2 Cabo Verde,6.3,,Google rendered lineup rating scrape,Matched from Google display 'F. Valverde'. Source URL: https://www.google.com/search?q=Uruguay%20vs%20Cape%20Verde%20FIFA%20World%20Cup%202026#sie=m;/g/11ms2jsh32;2;/m/030q7;ln;fp;1;;;;-1
